{
  "ROOM1": {
    "floor": 0,
    "x": 34.385463071901583,
    "y": 15.342072636112054,
    "z": -1.25
  },
  "ROOM10": {
    "floor": 0,
    "x": -11.02086243846707,
    "y": 12.986159744303901,
    "z": -1.25
  },
  "ROOM11": {
    "floor": 0,
    "x": -15.902309591250461,
    "y": 5.7399350916999801,
    "z": -1.25
  },
  "ROOM12": {
    "floor": 0,
    "x": -15.186845412824113,
    "y": -5.1621742106325463,
    "z": -1.25
  },
  "ROOM13": {
    "floor": 0,
    "x": -14.796184395816319,
    "y": -9.8717137751337667,
    "z": -1.25
  },
  "ROOM14": {
    "floor": 0,
    "x": -9.2398878053174123,
    "y": -8.1196875156709538,
    "z": -1.25
  },
  "ROOM15": {
    "floor": 0,
    "x": 0.14862628149073487,
    "y": -7.4799389318605805,
    "z": -1.25
  },
  "ROOM16": {
    "floor": 0,
    "x": 14.570250395093616,
    "y": -7.6182034533160703,
    "z": -1.25
  },
  "ROOM17": {
    "floor": 0,
    "x": 20.580270013939696,
    "y": -7.6474275201602282,
    "z": -1.25
  },
  "ROOM18": {
    "floor": 0,
    "x": 29.576236560208784,
    "y": -7.9951855952914066,
    "z": -1.25
  },
  "ROOM19": {
    "floor": 0,
    "x": 14.903581930449825,
    "y": -16.700066543646081,
    "z": -1.25
  },
  "ROOM2": {
    "floor": 0,
    "x": 34.2821465032265,
    "y": 12.463188645178345,
    "z": -1.25
  },
  "ROOM20": {
    "floor": 0,
    "x": 8.9161547231299068,
    "y": -23.105461251376902,
    "z": -1.25
  },
  "ROOM21": {
    "floor": 0,
    "x": 1.7359028827358216,
    "y": -16.453893366658697,
    "z": -1.25
  },
  "ROOM22": {
    "floor": 0,
    "x": -4.3118899722350861,
    "y": -16.948335058555351,
    "z": -1.25
  },
  "ROOM23": {
    "floor": 0,
    "x": -16.475337414729033,
    "y": -20.138547016787733,
    "z": -1.25
  },
  "ROOM24": {
    "floor": 0,
    "x": -24.456839450046942,
    "y": -19.09275613491991,
    "z": -1.25
  },
  "ROOM25": {
    "floor": 0,
    "x": -23.374678510809314,
    "y": -11.148537662335343,
    "z": -1.25
  },
  "ROOM26": {
    "floor": 0,
    "x": -27.37789160178572,
    "y": -6.544396055542343,
    "z": -1.25
  },
  "ROOM27": {
    "floor": 0,
    "x": -34.809250507805451,
    "y": -6.0343607271419621,
    "z": -1.25
  },
  "ROOM28": {
    "floor": 0,
    "x": -28.332625024765278,
    "y": -1.3919051436060101,
    "z": -1.25
  },
  "ROOM29": {
    "floor": 0,
    "x": -23.017295266599696,
    "y": -1.3860045308489433,
    "z": -1.25
  },
  "ROOM3": {
    "floor": 0,
    "x": 29.558213731158048,
    "y": 12.744505202240493,
    "z": -1.25
  },
  "ROOM30": {
    "floor": 0,
    "x": -23.244278296365451,
    "y": 4.6521470536102463,
    "z": -1.25
  },
  "ROOM31": {
    "floor": 0,
    "x": -29.723469355254586,
    "y": 13.568628296201982,
    "z": -1.25
  },
  "ROOM32": {
    "floor": 0,
    "x": -22.695669146811539,
    "y": 7.7398420488496846,
    "z": -1.25
  },
  "ROOM33": {
    "floor": 0,
    "x": 9.3274344322795315,
    "y": -14.769921463237699,
    "z": -1.25
  },
  "ROOM34": {
    "floor": 0,
    "x": 9.0488400640069315,
    "y": -8.7238003707675382,
    "z": -1.25
  },
  "ROOM35": {
    "floor": 0,
    "x": 9.203854753595202,
    "y": -10.604474469236866,
    "z": -1.25
  },
  "ROOM36": {
    "floor": 0,
    "x": -13.869203995459259,
    "y": -14.889339324958657,
    "z": -1.25
  },
  "ROOM37": {
    "floor": 0,
    "x": -12.737866259489977,
    "y": -16.45556422755056,
    "z": -1.25
  },
  "ROOM38": {
    "floor": 0,
    "x": -16.863546768851943,
    "y": 15.589886232010603,
    "z": -1.25
  },
  "ROOM39": {
    "floor": 0,
    "x": -16.554565655657935,
    "y": 21.61296313068954,
    "z": -1.25
  },
  "ROOM4": {
    "floor": 0,
    "x": 24.988849895715717,
    "y": 22.155798761531461,
    "z": -1.25
  },
  "ROOM40": {
    "floor": 0,
    "x": -13.248112593777222,
    "y": 19.070576146539263,
    "z": -1.25
  },
  "ROOM41": {
    "floor": 0,
    "x": -11.51878991210916,
    "y": 19.114330844110686,
    "z": -1.25
  },
  "ROOM42": {
    "floor": 0,
    "x": -14.980999839975766,
    "y": 23.637335046812506,
    "z": -1.25
  },
  "ROOM43": {
    "floor": 0,
    "x": -20.002168906748427,
    "y": 22.81002880380488,
    "z": -1.25
  },
  "ROOM44": {
    "floor": 0,
    "x": -20.074940719770904,
    "y": 20.49543009757004,
    "z": -1.25
  },
  "ROOM45": {
    "floor": 0,
    "x": -20.143095571619906,
    "y": 18.106770426118718,
    "z": -1.25
  },
  "ROOM46": {
    "floor": 0,
    "x": 33.007180241619523,
    "y": -15.75005637114201,
    "z": -1.25
  },
  "ROOM47": {
    "floor": 0,
    "x": 5.5441491553467088,
    "y": -17.062182086234145,
    "z": -1.25
  },
  "ROOM48": {
    "floor": 0,
    "x": 6.7114884404639312,
    "y": -6.5556798188848937,
    "z": -1.25
  },
  "ROOM49": {
    "floor": 0,
    "x": -19.962736067827304,
    "y": 15.076465450709176,
    "z": -1.25
  },
  "ROOM5": {
    "floor": 0,
    "x": 20.043188246886338,
    "y": 12.749261628759808,
    "z": -1.25
  },
  "ROOM50": {
    "floor": 0,
    "x": -12.287166164228942,
    "y": -14.969236167019375,
    "z": -1.25
  },
  "ROOM6": {
    "floor": 0,
    "x": 13.348742318216537,
    "y": 22.67586172864748,
    "z": -1.25
  },
  "ROOM7": {
    "floor": 0,
    "x": 9.7717894430379815,
    "y": 12.59895406014682,
    "z": -1.25
  },
  "ROOM8": {
    "floor": 0,
    "x": 1.3366460059386327,
    "y": 22.681320976627763,
    "z": -1.25
  },
  "ROOM9": {
    "floor": 0,
    "x": 0.74924855394076673,
    "y": 12.985565062308236,
    "z": -1.25
  }
}
